{
  "IcoMoonType": "selection",
  "icons": [
    {
      "icon": {
        "paths": [
          "M426.666 580.266l251.734-251.731c7.82-7.823 17.777-11.735 29.866-11.735s22.045 3.912 29.866 11.735c7.823 7.82 11.735 17.777 11.735 29.866s-3.912 22.045-11.735 29.866l-281.6 281.6c-8.531 8.534-18.488 12.8-29.866 12.8s-21.334-4.266-29.866-12.8l-110.935-110.931c-7.822-7.823-11.733-17.78-11.733-29.869s3.911-22.042 11.733-29.866c7.824-7.823 17.777-11.732 29.866-11.732s22.045 3.909 29.869 11.732l81.066 81.066z"
        ],
        "attrs": [
          {
            "fill": "rgb(255, 255, 255)"
          }
        ],
        "isMulticolor": false,
        "isMulticolor2": false,
        "grid": 0,
        "tags": [
          "check-icon"
        ]
      },
      "attrs": [
        {
          "fill": "rgb(255, 255, 255)"
        }
      ],
      "properties": {
        "order": 2,
        "id": 0,
        "name": "check-icon",
        "prevSize": 32
      },
      "setIdx": 0,
      "setId": 0,
      "iconIdx": 0
    }
  ],
  "height": 1024,
  "preferences": {
    "showGlyphs": true,
    "showCodes": true,
    "showQuickUse": true,
    "showQuickUse2": true,
    "showSVGs": true,
    "fontPref": {
      "prefix": "icon-",
      "metadata": {
        "fontFamily": "icomoon"
      },
      "metrics": {
        "emSize": 1024,
        "baseline": 6.25,
        "whitespace": 50
      },
      "embed": false
    },
    "imagePref": {
      "prefix": "icon-",
      "png": true,
      "useClassSelector": true,
      "color": 0,
      "bgColor": 16777215,
      "name": "icomoon",
      "classSelector": ".icon"
    },
    "historySize": 50,
    "gridSize": 16
  }
}